id,title,company,location,type,description,requirements,salaryMin,salaryMax,salaryCurrency,postedDate,applicationUrl,companyLogo
1,American Airlines Customer Service Remote (Work From Home),American Airlines Career,Anywhere,FULL_TIME,"Job Overview

American Airlines is a leading airline company with a rich history dating back to 1926. We are committed to providing exceptional travel experiences to our customers, with a focus on safety, reliability, and outstanding customer service. Our team is dedicated to connecting people to the world, allowing them to explore new destinations and create lasting memories. As a Customer Service Representative, you will play a vital role in upholding our reputation for excellence in the airline industry.

Job Description:

Are you passionate about delivering top-notch customer service from the comfort of your home? Do you have a knack for assisting travelers and ensuring their journey with us is seamless and enjoyable? If so, we want you to join our team as a Customer Service Representative.

Key Responsibilities:

Customer Support: Provide exceptional assistance to American Airlines passengers by answering inquiries, resolving issues, and offering travel solutions via phone, email, and chat.

Booking Assistance: Assist customers in booking flights, managing reservations, and addressing any changes or modifications to their travel plans.

Flight Information: Provide accurate and up-to-date information regarding flight schedules, delays, cancellations, and alternative travel options.

Baggage Concerns: Assist customers with baggage-related queries, including tracking, lost items, and reporting any mishandling promptly.

Billing and Payments: Handle payment-related inquiries, refunds, and billing discrepancies with efficiency and accuracy.

Promotions and Offers: Educate customers on available promotions, loyalty programs, and special offers to enhance their travel experience.

Required Skills and Qualifications:

Excellent Communication: Strong verbal and written communication skills in English, with the ability to convey information clearly and professionally.

Empathy: Show empathy and patience while assisting customers, ensuring their needs are met with understanding and care.

Problem-Solving: Exhibit strong problem-solving skills and the ability to think on your feet to resolve customer issues.

Computer Proficiency: Comfortable navigating computer systems, databases, and various software applications.

Flexibility: Adapt to changing work schedules and the ability to work weekends and holidays as needed.

Team Player: Collaborate effectively with team members to achieve shared goals and maintain a positive work environment.

Customer Focus: Prioritize customer satisfaction, making their experience with American Airlines exceptional.

Why Join American Airlines:

Remote Work: Enjoy the convenience of working from the comfort of your home while still being a part of a dynamic and supportive team.

Career Growth: American Airlines offers opportunities for career advancement and professional development within the company.

Travel Benefits: Access exclusive travel benefits, including discounted flights and other perks, as part of the American Airlines team.

Comprehensive Training: Receive comprehensive training and ongoing support to excel in your role.

If you are enthusiastic, customer-focused, and eager to be part of a renowned airline's customer service team, we invite you to apply. Join us in connecting people and cultures worldwide through the joy of travel.

If you can start right away, please apply below.","5+ years of experience with React
Strong TypeScript skills
Experience with modern frontend tooling
Understanding of web performance optimization",120000,180000,USD,19-11-2024,https://club.rawwine.com/blogs/news/american-airlines-customer-service-remote-work-from-home?utm_campaign=google_jobs_apply&utm_source=google_jobs_apply&utm_medium=organic,https://images.unsplash.com/photo-1549923746-c502d488b3ea?w=100&h=100&fit=crop
2,Delta Remote Careers: Airlines Jobs with Work-From-Home Opportunities,Delta Airlines,Anywhere,FULL_TIME,"Delta Airlines is a renowned leader in the aviation industry, known for its unwavering commitment to customer satisfaction and innovation. With a legacy that spans decades, Delta Airlines has established itself as a symbol of reliability and excellence in the airline industry. As part of our continuous efforts to provide the best service to our customers, we are excited to offer remote career opportunities for individuals who share our passion for service and dedication to excellence.

Position Overview: Delta Airlines is seeking a highly motivated and customer-focused Customer Service Representative to join our remote team. This is a unique opportunity to be a part of an industry-leading company with the flexibility to work from the comfort of your home. As a Customer Service Representative, you will be the face of Delta Airlines, ensuring that our customers receive top-notch service and support.

Key Responsibilities:
• * Provide exceptional customer service via phone, email, and chat, assisting passengers with inquiries, bookings, and general support.
• * Handle a wide range of customer concerns, from flight reservations to baggage inquiries, with professionalism and efficiency.
• * Stay updated on Delta Airlines policies and procedures to provide accurate information to customers.
• * Collaborate with other team members to resolve complex customer issues and find solutions that exceed expectations.
• * Maintain a strong customer-centric approach, creating memorable experiences that reflect Delta Airlines commitment to excellence.
• Required Skills and Qualifications:
• * Strong communication skills: Demonstrated ability to effectively communicate with customers in a clear, friendly, and professional manner.
• * Problem-solving abilities: Capacity to think on your feet and find creative solutions to customer issues.
• * Customer-focused mindset: A genuine passion for providing exceptional service and a commitment to ensuring customer satisfaction.
• * Adaptability: Ability to work in a remote environment, follow guidelines, and remain flexible in response to a dynamic work environment.
• * Basic computer skills: Proficiency in using email, chat, and customer management systems.
• Working at Delta Airlines: Delta Airlines offers a remote work environment that is both flexible and rewarding. As a Customer Service Representative, you will have the opportunity to grow within the company, develop new skills, and contribute to our legacy of excellence. We value our employees and are committed to providing a supportive work culture that promotes growth, innovation, and work-life balance.

Join us at Delta Airlines, where your dedication to customer service will help us soar to new heights. We look forward to welcoming you to our dynamic team of professionals who share a passion for aviation and customer satisfaction.

If you are ready to embark on an exciting career journey with Delta Airlines, apply now and become part of our legacy of excellence.

Application Link: [Apply Here](Insert Application URL)

Delta Airlines is an equal opportunity employer, and we encourage candidates of all backgrounds to apply.","Experience with React and Node.js
Database design and optimization
API development experience
Strong problem-solving skills",100000,160000,USD,19-11-2024,https://club.rawwine.com/blogs/news/delta-remote-careers-airlines-jobs-with-work-from-home-opportunities?utm_campaign=google_jobs_apply&utm_source=google_jobs_apply&utm_medium=organic,https://images.unsplash.com/photo-1560179707-f14e90ef3623?w=100&h=100&fit=crop
